{"cameraMode":{"drawMode":0,"name":"Shaded","section":"Shading Mode"},"sceneLighting":false,"audioPlay":false,"sceneViewState":{"showFog":true,"showMaterialUpdate":false,"showSkybox":false,"showFlares":true,"showImageEffects":true,"showParticleSystems":true},"in2DMode":false,"pivot":{"x":18.784151077270509,"y":8.453449249267579,"z":7.300178527832031},"rotation":{"x":-0.13080038130283357,"y":0.8374602794647217,"z":-0.228812113404274,"w":-0.4787448048591614},"size":0.5203346014022827,"orthographic":true}