{"cameraMode":{"drawMode":0,"name":"Shaded","section":"Shading Mode"},"sceneLighting":false,"audioPlay":false,"sceneViewState":{"showFog":true,"showMaterialUpdate":false,"showSkybox":false,"showFlares":true,"showImageEffects":true,"showParticleSystems":true},"in2DMode":false,"pivot":{"x":3.6500000953674318,"y":0.20999999344348908,"z":-3.390000104904175},"rotation":{"x":0.37850087881088259,"y":-0.011922554112970829,"z":0.004876642022281885,"w":0.9255113005638123},"size":0.9250274896621704,"orthographic":false}